Count,Tradelist Count,Name,Edition,Card Number,Condition,Language,Foil,Signed,Artist Proof,Altered Art,Misprint,Promo,Textless,My Price
"2","0","Nykthos, Shrine to Nyx","The List","293","","","","","","","","","",""
"1","0","Nykthos, Shrine to Nyx","Theros","223","","","","","","","","","",""
"1","0","Boseiju, Who Endures","Kamigawa: Neon Dynasty","266","","","","","","","","","",""
"1","0","Craterhoof Behemoth","Secret Lair Drop Series","376","","","","","","","","","",""
"1","0","Ponder","Magic 2012","73","","","foil","","","","","","",""
"4","0","Windswept Heath","Khans of Tarkir","248","","","","","","","","","",""
"1","0","Sorin the Mirthless","Innistrad: Crimson Vow","297","","","","","","","","","",""
"1","0","Torment of Hailfire","Hour of Devastation","77","","","","","","","","","",""
"1","0","Agadeem's Awakening // Agadeem, the Undercrypt","Zendikar Rising","90","","","","","","","","","",""
"1","0","Drannith Magistrate","Ikoria: Lair of Behemoths","11","","","","","","","","","",""
"1","0","Temple Garden","Guilds of Ravnica","258","","","","","","","","","",""
"1","0","Baral, Chief of Compliance","Multiverse Legends","138","","","foil","","","","","","",""
"1","0","Vigor","Battlebond","215","","","","","","","","","",""
"1","0","Brazen Borrower // Petty Theft","Throne of Eldraine","39","","","","","","","","","",""
"2","0","Hallowed Fountain","Return to Ravnica","241","","","","","","","","","",""
"2","0","Stomping Ground","Ravnica Allegiance","259","","","","","","","","","",""
"1","0","Elvish Champion","Invasion","186","","","","","","","","","",""
"1","0","Guardian Project","Ravnica Allegiance","130","","","","","","","","","",""
"1","0","Leyline of the Void","Guildpact","52","","","","","","","","","",""
"1","0","Yavimaya, Cradle of Growth","Modern Horizons 2","261","","","","","","","","","",""
"1","0","Tribute to the World Tree","March of the Machine Promo Pack","211s","","","foil","","","","","","",""
"1","0","Jetmir's Garden","Streets of New Capenna","250","","","","","","","","","",""
"1","0","Aetherflux Reservoir","The Brothers' War Retro Artifacts","2","","","","","","","","","",""
"1","0","Leyline of the Void","Core Set 2020","107p","","","","","","","","","",""
"1","0","Nissa Revane","Zendikar","170","","","","","","","","","",""
"2","0","Chord of Calling","Double Masters","384","","","foil","","","","","","",""
"1","0","Magus of the Moon","Time Spiral Remastered","175","","","","","","","","","",""
"1","0","Tangle","Invasion","213","","","","","","","","","",""
"2","0","Chord of Calling","Magic 2015 Core Set","172","","","","","","","","","",""
"1","0","Sol Ring","Love Your LGS","1","","","foil","","","","","","",""
"1","0","Settle the Wreckage","Ixalan","34","","","foil","","","","","","",""
"3","0","Soul Spike","Coldsnap","70","","","","","","","","","",""
"1","0","Elvish Harbinger","Lorwyn","207","","","","","","","","","",""
"2","0","Pyroblast","Signature Spellbook: Chandra","5","","","","","","","","","",""
"1","0","Realmwalker","Kaldheim","399","","","foil","","","","","","",""
"1","0","Vandalblast","Innistrad: Crimson Vow Commander","152","","","","","","","","","",""
"1","0","Essence Warden","Commander Anthology","106","","","","","","","","","",""
"1","0","Ezuri, Renegade Leader","Scars of Mirrodin","119","","","","","","","","","",""
"1","0","Rhys the Redeemed","Shadowmoor","237","","","","","","","","","",""
"2","0","Gleeful Sabotage","Shadowmoor","116","","","foil","","","","","","",""
"1","0","Realmwalker","Kaldheim","188","","","","","","","","","",""
"1","0","Gaddock Teeg","Lorwyn","248","","","","","","","","","",""
"1","0","Gifted Aetherborn","Aether Revolt","61","","","foil","","","","","","",""
"1","0","Ezuri, Renegade Leader","The List","987","","","","","","","","","",""
"1","0","Murderous Rider // Swift End","Throne of Eldraine","287","","","foil","","","","","","",""
"1","0","Urabrask, Heretic Praetor","Streets of New Capenna","360","","","","","","","","","",""
"1","0","Lathril, Blade of the Elves","Kaldheim Commander","1","","","foil","","","","","","",""
"1","0","Fyndhorn Elves","From the Vault: Twenty","4","","","foil","","","","","","",""
"1","0","Ring of Three Wishes","Magic 2014 Core Set","216","","","","","","","","","",""
"4","0","Seachrome Coast","Scars of Mirrodin","229","","","","","","","","","",""
"4","0","Leaf-Crowned Visionary","Dominaria United","167","","","","","","","","","",""
"3","0","Fatal Push","Friday Night Magic","208","","","foil","","","","","","",""
"1","0","Heritage Druid","Eternal Masters","171","","","","","","","","","",""
"1","0","Reckless Stormseeker // Storm-Charged Slasher","Innistrad: Midnight Hunt","157","","","","","","","","","",""
"2","0","Mausoleum Wanderer","Eldritch Moon","69","","","","","","","","","",""
"1","0","Ribbons of the Reikai","Betrayers of Kamigawa","50","","","foil","","","","","","",""
"1","0","The Cruelty of Gix","Dominaria United","87","","","","","","","","","",""
"1","0","Cut Down","Dominaria United","432","","","foil","","","","","","",""
"3","0","Heritage Druid","Morningtide","126","","","","","","","","","",""
"1","0","Nirkana Revenant","Innistrad: Crimson Vow Commander","134","","","","","","","","","",""
"1","0","Beast Whisperer","Guilds of Ravnica","123","","","","","","","","","",""
"1","0","Keen Sense","Planar Chaos","152","","","","","","","","","",""
"1","0","Peer into the Abyss","Core Set 2021","117","","","foil","","","","","","",""
"1","0","Righteous Valkyrie","Kaldheim","24","","","","","","","","","",""
"1","0","Spellskite","Commander Legends: Battle for Baldur's Gate","873","","","","","","","","","",""
"1","0","Beast Whisperer","From Cute to Brute","25","","","","","","","","","",""
"2","0","Glacial Fortress","Ixalan","255","","","","","","","","","",""
"3","0","Mark of Asylum","Conflux","10","","","","","","","","","",""
"1","0","Mark of Asylum","Conflux","10","","Chinese","","","","","","","",""
"1","0","Chain Lightning","Premium Deck Series: Fire and Lightning","16","","","foil","","","","","","",""
"2","0","Beast Whisperer","Media Inserts","123","","","foil","","","","","","",""
"1","0","Collector Ouphe","The List","927","","","","","","","","","",""
"1","0","Desert",Time Spiral "Timeshifted","118","","","","","","","","","",""
"4","0","Great Furnace","Mirrodin","282","","","","","","","","","",""
"1","0","Primeval Herald","Jumpstart 2022","42","","","","","","","","","",""
"1","0","Nihil Spellbomb","Masters 25","226","","","foil","","","","","","",""
"2","0","Crashing Footfalls","Modern Horizons","160","","","","","","","","","",""
"2","0","Castle Locthwain","Throne of Eldraine","241","","","","","","","","","",""
"1","0","Halana and Alena, Partners","Innistrad: Crimson Vow","239","","","foil","","","","","","",""
"1","0","The World Tree","The List","1088","","","","","","","","","",""
"1","0","Blasphemous Act","Innistrad: Crimson Vow Commander","143","","","","","","","","","",""
"4","0","Deadly Dispute","Adventures in the Forgotten Realms","94","","","","","","","","","",""
"4","0","Temple of Enlightenment","Theros Beyond Death","349","","","","","","","","","",""
"1","0","Sanctum of Stone Fangs","Core Set 2021","120","","","foil","","","","","","",""
"1","0","Underworld Dreams","Magic 2010","115","","","","","","","","","",""
"1","0","Sheoldred's Edict","Phyrexia: All Will Be One","279","","","","","","","","","",""
"1","0","Temporary Lockdown","Dominaria United Promo Pack","36s","","","foil","","","","","","",""
"1","0","Ziatora, the Incinerator","Streets of New Capenna","231","","","","","","","","","",""
"1","0","Growth Spiral","Ravnica Allegiance","178","","","foil","","","","","","",""
"1","0","Murderous Rider // Swift End","Throne of Eldraine","97","","","foil","","","","","","",""
"2","0","Elvish Warmaster","Kaldheim","167","","","foil","","","","","","",""
"1","0","Katilda, Dawnhart Martyr // Katilda's Rising Dawn","Innistrad: Crimson Vow","21","","","","","","","","","",""
"1","0","Molten Echoes","Innistrad: Crimson Vow Commander","148","","","","","","","","","",""
"1","0","Elvish Promenade","Lorwyn","208","","","","","","","","","",""
"1","0","Faerie Macabre","Duel Decks Anthology, Garruk vs. Liliana","42","","","","","","","","","",""
"1","0","Fatal Push","Aether Revolt","57","","","","","","","","","",""
"1","0","Battlefield Forge","The Brothers' War","297","","","","","","","","","",""
"1","0","Temporary Lockdown","Dominaria United","36","","","","","","","","","",""
"1","0","Tyvar Kell","The List","992","","","","","","","","","",""
"1","0","Void Rend","Streets of New Capenna","230","","","","","","","","","",""
"4","0","Moment's Peace","Odyssey","251","","","","","","","","","",""
"4","0","Spell Queller","Pioneer Challenger Decks 2021","10","","","","","","","","","",""
"1","0","Murderous Rider // Swift End","Promo Pack: Throne of Eldraine","97p","","","","","","","","","",""
"1","0","Myr Retriever","Mirrodin","215","","","","","","","","","",""
"2","0","Searing Blaze","Worldwake","90","","","","","","","","","",""
"1","0","Night's Whisper","Innistrad: Crimson Vow Commander","133","","","","","","","","","",""
"1","0","Tormod's Crypt","Magic 2015 Core Set","237","","","foil","","","","","","",""
"1","0","Cordial Vampire","Innistrad: Crimson Vow Commander","125","","","","","","","","","",""
"1","0","Tyvar's Stand","Phyrexia: All Will Be One","190","","","foil","","","","","","",""
"1","0","Blood Artist","Innistrad: Crimson Vow Commander","119","","","","","","","","","",""
"1","0","Shadowgrange Archfiend","Innistrad: Crimson Vow Commander","22","","","","","","","","","",""
"1","0","Sol Ring","Innistrad: Crimson Vow Commander","168","","","","","","","","","",""
"2","0","Tear Asunder","Dominaria United","183","","","","","","","","","",""
"3","0","Elvish Warmaster","Jumpstart 2022","654","","","","","","","","","",""
"3","0","Reckless Impulse","Innistrad: Crimson Vow","174","","","","","","","","","",""
"1","0","Marwyn, the Nurturer","Dominaria","172","","","","","","","","","",""
"1","0","Galvanic Blast","Double Masters","125","","","","","","","","","",""
"1","0","Bojuka Bog","Commander 2013","278","","","","","","","","","",""
"1","0","Poison-Tip Archer","Kaldheim Commander","90","","","","","","","","","",""
"1","0","Reidane, God of the Worthy // Valkmira, Protector's Shield","Kaldheim","21","","","foil","","","","","","",""
"1","0","Glissa Sunslayer","Phyrexia: All Will Be One Promo Pack","202p","","","","","","","","","",""
"2","0","Gaea's Herald","Planeshift","80","","","","","","","","","",""
"3","0","Galvanic Blast","Scars of Mirrodin","91","","","","","","","","","",""
"1","0","Bojuka Bog","Commander 2017","238","","","","","","","","","",""
"1","0","The Eternal Wanderer","Phyrexia: All Will Be One","11","","","","","","","","","",""
"1","0","Counterspell","Classic Sixth Edition","61","","","","","","","","","",""
"1","0","Slippery Bogle","Eventide","160","","","","","","","","","",""
"1","0","Vodalian Hexcatcher","Dominaria United","75","","","","","","","","","",""
"1","0","Olivia's Wrath","Innistrad: Crimson Vow Commander","20","","","","","","","","","",""
"2","0","Karplusan Forest","Dominaria United","250","","","","","","","","","",""
"1","0","To Arms!","Guildpact","20","","","","","","","","","",""
"1","0","Elvish Archdruid","Commander Anthology","102","","","","","","","","","",""
"1","0","Bloodchief's Thirst","Zendikar Rising","388","","","","","","","","","",""
"1","0","Immaculate Magistrate","Lorwyn","219","","","","","","","","","",""
"1","0","Spell Pierce","WPN/Gateway","4","","","","","","","","","",""
"1","0","Distant Melody","Morningtide","32","","","","","","","","","",""
"1","0","Haughty Djinn","Dominaria United","52","","","","","","","","","",""
"1","0","Invoke Despair","Kamigawa: Neon Dynasty","101","","","foil","","","","","","",""
"6","0","Wear // Tear","Dragon's Maze","135","","","","","","","","","",""
"1","0","Desert","Adventures in the Forgotten Realms Commander","233","","","","","","","","","",""
"4","0","Elvish Clancaller","Core Set 2019","179","","","","","","","","","",""
"1","0","Faerie Macabre","Modern Masters","86","","","","","","","","","",""
"1","0","Merrow Harbinger","Lorwyn","73","","","","","","","","","",""
"1","0","Selfless Spirit","Commander Legends: Battle for Baldur's Gate","706","","","","","","","","","",""
"1","0","Thoughtcast","Mirrodin","54","","","","","","","","","",""
"2","0","Elvish Archdruid","Magic 2013","168","","","","","","","","","",""
"1","0","Hushbringer","Throne of Eldraine","18","","","","","","","","","",""
"1","0","Quirion Ranger","Modern Horizons 2","285e","","","","","","","","","",""
"1","0","Swamp","Dominaria United","279","","","","","","","","","",""
"1","0","Wrenn's Resolve","March of the Machine","173","","","","","","","","","",""
"1","0","Steel Seraph","The Brothers' War","38","","","","","","","","","",""
"5","0","Devoted Druid","Shadowmoor","110","","","","","","","","","",""
"1","0","Guile","Lorwyn","69","","","","","","","","","",""
"1","0","Tainted Peak","Innistrad: Crimson Vow Commander","184","","","","","","","","","",""
"1","0","Arcane Signet","Commander 2020","237","","","","","","","","","",""
"1","0","Elvish Archdruid","Magic 2012","172","","","","","","","","","",""
"1","0","Golgari Thug","Ultimate Masters","98","","","","","","","","","",""
"1","0","Goro-Goro and Satoru","March of the Machine Commander","445","","","","","","","","","",""
"1","0","Heartless Act","Ikoria: Lair of Behemoths","91","","","foil","","","","","","",""
"1","0","Isolated Watchtower","Commander 2018","59","","","","","","","","","",""
"1","0","Karador, Ghost Chieftain","Double Masters 2022","238","","","","","","","","","",""
"3","0","Portable Hole","Adventures in the Forgotten Realms","33","","","","","","","","","",""
"1","0","Scourge of the Skyclaves","Zendikar Rising","122","","","","","","","","","",""
"1","0","Skred","The List","155","","","","","","","","","",""
"1","0","Tormod's Crypt","Core Set 2021","241","","","foil","","","","","","",""
"1","0","Vitalize","Weatherlight","145","","","","","","","","","",""
"3","0","Wellwisher","Onslaught","300","","","","","","","","","",""
"1","0","Éowyn, Fearless Knight","The Lord of the Rings: Tales of Middle-earth","430","","","","","","","","","",""
"2","0","Chain Lightning","Battlebond","171","","","","","","","","","",""
"2","0","Diabolic Tutor","Magic 2011","93","","","","","","","","","",""
"1","0","Dig Through Time","Love Your LGS","2","","","foil","","","","","","",""
"1","0","Patron of the Vein","Innistrad: Crimson Vow Commander","135","","","","","","","","","",""
"4","0","Vault of Whispers","Mirrodin","286","","","","","","","","","",""
"1","0","In Garruk's Wake","Commander Legends: Battle for Baldur's Gate","759","","","","","","","","","",""
"1","0","Khalni Garden","Planechase 2012","122","","","","","","","","","",""
"1","0","Serum Powder","Iconic Masters","228","","","","","","","","","",""
"1","0","Quirion Ranger","Visions","117","","","","","","","","","",""
"1","0","Unclaimed Territory","Commander 2020","320","","","","","","","","","",""
"1","0","Sanctum Seeker","Innistrad: Crimson Vow Commander","136","","","","","","","","","",""
"1","0","Entish Restoration","The Lord of the Rings: Tales of Middle-earth","163","","","","","","","","","",""
"1","0","Polukranos Reborn // Polukranos, Engine of Ruin","March of the Machine","200","","","","","","","","","",""
"1","0","Rakdos Signet","Innistrad: Crimson Vow Commander","166","","","","","","","","","",""
"1","0","Resolute Reinforcements","Dominaria United","430","","","","","","","","","",""
"1","0","Shivan Reef","Dominaria United","255","","","","","","","","","",""
"1","0","Cast Down","Dominaria","81","","","foil","","","","","","",""
"1","0","Valiant Veteran","Dominaria United","38","","","foil","","","","","","",""
"1","0","Radha, Heart of Keld","Core Set 2021","224","","","","","","","","","",""
"1","0","Crossway Troublemakers","Innistrad: Crimson Vow Commander","17","","","","","","","","","",""
"1","0","End the Festivities","Innistrad: Crimson Vow","155","","","","","","","","","",""
"1","0","Slaughter Singer","Phyrexia: All Will Be One","281","","","foil","","","","","","",""
"1","0","Gray Merchant of Asphodel","Commander 2014","146","","","","","","","","","",""
"1","0","Vizier of Many Faces","Amonkhet","74","","","","","","","","","",""
"1","0","Fumigate","Kaladesh","15","","","","","","","","","",""
"1","0","Imposing Grandeur","Innistrad: Crimson Vow Commander","24","","","","","","","","","",""
"1","0","Necropolis Regent","Explorers of Ixalan","20","","","","","","","","","",""
"1","0","Cry of the Carnarium","Ravnica Allegiance","70","","","foil","","","","","","",""
"1","0","Scavenging Ooze","Love Your LGS","5","","","foil","","","","","","",""
"3","0","Aether Gust","Core Set 2020","42","","","","","","","","","",""
"1","0","Mob Rule","Innistrad: Crimson Vow Commander","147","","","","","","","","","",""
"1","0","Bring to Light","Double Masters 2022","188","","","foil","","","","","","",""
"2","0","Dawn Charm","Planar Chaos","4","","","","","","","","","",""
"1","0","Ecological Appreciation","Strixhaven: School of Mages","128","","","","","","","","","",""
"2","0","Elder Brain","Commander Legends: Battle for Baldur's Gate","936","","","foil","","","","","","",""
"1","0","Moonsilver Key","Innistrad: Midnight Hunt","255","","","","","","","","","",""
"1","0","Blue Elemental Blast","Signature Spellbook: Jace","2","","","","","","","","","",""
"1","0","Jinnie Fay, Jetmir's Second","Streets of New Capenna","195","","","foil","","","","","","",""
"1","0","Chainer's Edict","Dominaria Remastered","425","","","","","","","","","",""
"2","0","Return to Dust","Time Spiral","39","","","","","","","","","",""
"2","0","Dash Hopes","Planar Chaos","68","","","","","","","","","",""
"1","0","Feed the Swarm","Innistrad: Crimson Vow Commander","129","","","","","","","","","",""
"1","0","Kayla's Command","The Brothers' War Promo Pack","9p","","","","","","","","","",""
"2","0","Nihil Spellbomb","Scars of Mirrodin","187","","","","","","","","","",""
"1","0","Rienne, Angel of Rebirth","Dominaria United Commander","166","","","","","","","","","",""
"1","0","Siege Veteran","The Brothers' War","25","","","","","","","","","",""
"1","0","Wall of Roots","30th Anniversary Promos","4","","","foil","","","","","","",""
"1","0","Llanowar Tribe","Kaldheim Commander","66","","","","","","","","","",""
"1","0","Elder Brain","Commander Legends: Battle for Baldur's Gate","125","","","","","","","","","",""
"1","0","Chitterspitter","Modern Horizons 2","153","","","","","","","","","",""
"1","0","Command the Dreadhorde","War of the Spark","82","","","","","","","","","",""
"3","0","Damping Sphere","Dominaria","213","","","","","","","","","",""
"4","0","Faithless Looting","Dark Ascension","87","","","","","","","","","",""
"1","0","Glass-Cast Heart","Innistrad: Crimson Vow Commander","18","","","","","","","","","",""
"1","0","Imperious Perfect","Lorwyn","220","","","","","","","","","",""
"1","0","Kessig Flamebreather","Innistrad: Crimson Vow","164","","","","","","","","","",""
"1","0","Malakir Bloodwitch","Innistrad: Crimson Vow Commander","131","","","","","","","","","",""
"1","0","Silhana Ledgewalker","Guildpact","94","","","","","","","","","",""
"1","0","Supreme Phantom","Core Set 2019","76","","","","","","","","","",""
"3","0","Underworld Dreams","Theros Beyond Death","121","","","","","","","","","",""
"1","0","Undying Malice","Innistrad: Crimson Vow","134","","","","","","","","","",""
"1","0","Blue Elemental Blast","Masters 25","43","","","","","","","","","",""
"1","0","Scattershot Archer","Conflux","90","","","","","","","","","",""
"1","0","Wood Elves","Ninth Edition","283","","","","","","","","","",""
"1","0","Tenacious Underdog","Streets of New Capenna","97","","","","","","","","","",""
"3","0","Narcomoeba","Modern Masters","55","","","","","","","","","",""
"1","0","Smoldering Marsh","Innistrad: Crimson Vow Commander","183","","","","","","","","","",""
"4","0","Elvish Mystic","Magic 2014 Core Set","169","","","","","","","","","",""
"1","0","Go for the Throat","The Brothers' War","102","","","","","","","","","",""
"3","0","Gray Merchant of Asphodel","Theros Beyond Death","99","","","","","","","","","",""
"4","0","Stinkweed Imp","Ravnica: City of Guilds","107","","","","","","","","","",""
"1","0","Mirkwood Bats","The Lord of the Rings: Tales of Middle-earth","421","","","","","","","","","",""
"1","0","Forsworn Paladin","Promo pack: Adventures in the Forgotten Realms","104p","","","","","","","","","",""
"1","0","Gifted Aetherborn","Aether Revolt","61","","","","","","","","","",""
"3","0","Chainer's Edict","Dominaria Remastered","300","","","","","","","","","",""
"1","0","Control Magic","Duel Decks: Jace vs. Vraska","30","","","","","","","","","",""
"1","0","Green Sun's Twilight","Phyrexia: All Will Be One","284","","","foil","","","","","","",""
"1","0","Tolarian Terror","Dominaria United","72","","","","","","","","","",""
"4","0","Accumulated Knowledge","Nemesis","26","","","","","","","","","",""
"1","0","Annex Sentry","WPN/Gateway","107","","","","","","","","","",""
"1","0","Anowon, the Ruin Sage","Innistrad: Crimson Vow Commander","118","","","","","","","","","",""
"1","0","Ash Barrens","Masters 25","236","","","","","","","","","",""
"1","0","Bladehold War-Whip","Phyrexia: All Will Be One","280","","","","","","","","","",""
"1","0","Bloodline Necromancer","Innistrad: Crimson Vow Commander","120","","","","","","","","","",""
"1","0","Bloodlord of Vaasgoth","Innistrad: Crimson Vow Commander","121","","","","","","","","","",""
"4","0","Chittering Rats","Darksteel","39","","","","","","","","","",""
"1","0","Clone","Magic 2010","45","","","","","","","","","",""
"1","0","Dack's Duplicate","Double Masters 2022","198","","","","","","","","","",""
"1","0","Devilish Valet","Streets of New Capenna","105","","","","","","","","","",""
"1","0","Exalted Angel","30th Anniversary Promos","10","","","foil","","","","","","",""
"2","0","Go Blank","Strixhaven: School of Mages","72","","","","","","","","","",""
"1","0","In Search of Greatness","Kaldheim","177","","","","","","","","","",""
"1","0","Khalni Garden","Commander 2013","302","","","","","","","","","",""
"2","0","Micromancer","Dominaria United","431","","","","","","","","","",""
"1","0","Nihil Spellbomb","The List","1004","","","","","","","","","",""
"1","0","Old Rutstein","Innistrad: Crimson Vow","244","","","","","","","","","",""
"1","0","Predators' Hour","Innistrad: Crimson Vow Commander","21","","","","","","","","","",""
"1","0","Ratadrabik of Urborg","Dominaria United","312","","","","","","","","","",""
"2","0","Remorseful Cleric","Core Set 2019","33","","","","","","","","","",""
"1","0","Stormtide Leviathan","Magic 2013","70","","","","","","","","","",""
"3","0","Supreme Phantom","Innistrad: Crimson Vow Commander","115","","","","","","","","","",""
"1","0","The Balrog, Durin's Bane","The Lord of the Rings: Tales of Middle-earth","195","","","","","","","","","",""
"1","0","Threats Undetected","Dominaria United","185","","","foil","","","","","","",""
"1","0","Timothar, Baron of Bats","Innistrad: Crimson Vow Commander","4","","","","","","","","","",""
"1","0","Unwind","Dominaria","72","","","","","","","","","",""
"1","0","Urabrask's Forge","Phyrexia: All Will Be One","153","","","","","","","","","",""
"1","0","Volatile Fjord","Kaldheim","273","","","","","","","","","",""
"1","0","Wash Away","Innistrad: Crimson Vow","87","","","","","","","","","",""
"1","0","Ash Barrens","Commander 2016","56","","","","","","","","","",""
"4","0","Birchlore Rangers","Onslaught","248","","","","","","","","","",""
"1","0","Cut Your Losses","Streets of New Capenna","38","","","","","","","","","",""
"1","0","Dark Impostor","Commander 2017","109","","","","","","","","","",""
"1","0","Ezuri, Stalker of Spheres","Phyrexia: All Will Be One","201","","","","","","","","","",""
"1","0","Khalni Garden","Worldwake","138","","","","","","","","","",""
"1","0","Krosan Verge","Commander 2020","285","","","foil","","","","","","",""
"1","0","Narcomoeba","Guilds of Ravnica","47","","","","","","","","","",""
"4","0","Ornithopter","Mirrodin","224","","","","","","","","","",""
"2","0","Rally the Ranks","Kaldheim","20","","","","","","","","","",""
"1","0","Skyknight Vanguard","Core Set 2020","218","","","","","","","","","",""
"1","0","Soul-Guide Lantern","The Brothers' War Retro Artifacts","117","","","","","","","","","",""
"1","0","Temple of Malice","Innistrad: Crimson Vow Commander","186","","","","","","","","","",""
"2","0","Void Mirror","Modern Horizons 2","242","","","","","","","","","",""
"2","0","Witch's Cottage","Throne of Eldraine","249","","","","","","","","","",""
"1","0","Contaminated Aquifer","Dominaria United","245","","","","","","","","","",""
"1","0","Frogmite","Mirrodin","172","","","","","","","","","",""
"1","0","Hidetsugu and Kairi","March of the Machine","228","","","","","","","","","",""
"4","0","Lys Alana Huntmaster","Lorwyn","229","","","","","","","","","",""
"2","0","Molten Rain","Mirrodin","101","","","","","","","","","",""
"2","0","Rattlechains","Shadows over Innistrad","81","","","","","","","","","",""
"1","0","Timberwatch Elf","Commander 2014","220","","","","","","","","","",""
"1","0","Conflagrate","Time Spiral","151","","","","","","","","","",""
"2","0","Rattlechains","Jumpstart","166","","","","","","","","","",""
"6","0","Simic Growth Chamber","Dissension","180","","","","","","","","","",""
"1","0","Burrenton Forge-Tender","Iconic Masters","14","","","","","","","","","",""
"3","0","Crypt Rats","Modern Horizons","84","","","","","","","","","",""
"1","0","Drown in Ichor","Phyrexia: All Will Be One","91","","","","","","","","","",""
"1","0","Fierce Empath","Scourge","119","","","","","","","","","",""
"1","0","Path of Ancestry","Commander 2017","56","","","","","","","","","",""
"2","0","Pestilence","Urza's Saga","147","","","","","","","","","",""
"3","0","Phylath, World Sculptor","Zendikar Rising","234","","","","","","","","","",""
"2","0","Rumor Gatherer","Streets of New Capenna","463","","","","","","","","","",""
"4","0","Smash to Smithereens","Shadowmoor","107","","","","","","","","","",""
"2","0","Timberwatch Elf","Legions","140","","","","","","","","","",""
"1","0","Audacity","The Brothers' War","169","","","","","","","","","",""
"1","0","Fire Diamond","Innistrad: Crimson Vow Commander","164","","","","","","","","","",""
"1","0","Join the Dance","Innistrad: Midnight Hunt","391","","","","","","","","","",""
"1","0","Khalni Garden","Commander 2018","262","","","","","","","","","",""
"4","0","Lead the Stampede","Duel Decks: Ajani vs. Nicol Bolas","24","","","","","","","","","",""
"1","0","Llanowar Loamspeaker","Dominaria United","170","","","","","","","","","",""
"4","0","Shaman of the Pack","Magic Origins","217","","","","","","","","","",""
"4","0","Lightning Bolt","Commander Legends: Battle for Baldur's Gate","401","","","","","","","","","",""
"4","0","Vizier of Remedies","Amonkhet","38","","","","","","","","","",""
"1","0","Hurkyl's Final Meditation","The Brothers' War Promo Pack","52p","","","","","","","","","",""
"4","0","Nettle Sentinel","Eventide","71","","","","","","","","","",""
"1","0","Surtland Flinger","Kaldheim","377","","","","","","","","","",""
"2","0","Gaea's Gift","The Brothers' War","182","","","","","","","","","",""
"4","0","Otherworldly Gaze","Innistrad: Midnight Hunt","67","","","","","","","","","",""
"1","0","Anje's Ravager","Innistrad: Crimson Vow Commander","141","","","","","","","","","",""
"1","0","Butcher of Malakir","Innistrad: Crimson Vow Commander","123","","","","","","","","","",""
"1","0","Command Tower","Innistrad: Crimson Vow Commander","172","","","","","","","","","",""
"1","0","Entrancing Melody","Ixalan","55","","","","","","","","","",""
"2","0","Golgari Rot Farm","Duel Decks: Izzet vs. Golgari","80","","","","","","","","","",""
"1","0","Golgari Rot Farm","Modern Masters 2015 Edition","243","","","","","","","","","",""
"4","0","Grapeshot","Time Spiral","160","","","","","","","","","",""
"1","0","Indulgent Aristocrat","Innistrad: Crimson Vow Commander","130","","","","","","","","","",""
"1","0","Jhoira of the Ghitu","Time Spiral Remastered","256","","","","","","","","","",""
"1","0","Mana Leak","Stronghold","36","","","","","","","","","",""
"3","0","Masked Vandal","Kaldheim","184","","","","","","","","","",""
"3","0","Quirion Ranger","Modern Horizons 2","285","","","","","","","","","",""
"2","0","Reclamation Sage","Magic 2015 Core Set","194","","","","","","","","","",""
"1","0","Sage of Epityr","Time Spiral","74","","","","","","","","","",""
"1","0","Shadow Prophecy","Dominaria United","105","","","foil","","","","","","",""
"1","0","Simic Growth Chamber","Commander 2018","282","","","","","","","","","",""
"1","0","Simic Growth Chamber","Commander Legends","492","","","","","","","","","",""
"2","0","Skyfire Phoenix","Commander 2019","28","","","","","","","","","",""
"3","0","Squelch","Champions of Kamigawa","92","","","","","","","","","",""
"1","0","Stromkirk Captain","Innistrad: Crimson Vow Commander","157","","","","","","","","","",""
"4","0","Blightbeetle","Core Set 2020","87","","","","","","","","","",""
"1","0","Bump in the Night","Duel Decks: Sorin vs. Tibalt","57","","","","","","","","","",""
"1","0","Champion of Dusk","Innistrad: Crimson Vow Commander","124","","","","","","","","","",""
"1","0","Crippling Fear","Commander Legends: Battle for Baldur's Gate","745","","","","","","","","","",""
"4","0","Dread Shade","Dominaria","88","","","","","","","","","",""
"1","0","Everquill Phoenix","Ikoria: Lair of Behemoths","114","","","","","","","","","",""
"2","0","Fog","Archenemy","56","","","","","","","","","",""
"1","0","Foreboding Ruins","Innistrad: Crimson Vow Commander","174","","","","","","","","","",""
"1","0","Ichor Wellspring","The Brothers' War Retro Artifacts","84","","","","","","","","","",""
"4","0","Llanowar Elves","Fourth Edition","261","","","","","","","","","",""
"4","0","Phantasmagorian","Planar Chaos","77","","","","","","","","","",""
"4","0","Shacklegeist","Core Set 2021","70","","","","","","","","","",""
"1","0","Sulfurous Mire","Kaldheim","270","","","","","","","","","",""
"4","0","Thorn of the Black Rose","Conspiracy: Take the Crown","48","","","","","","","","","",""
"2","0","Triskaidekaphobia","Shadows over Innistrad","141","","","","","","","","","",""
"4","0","Weather the Storm","Modern Horizons","191","","","","","","","","","",""
"1","0","Bag of Holding","Core Set 2020","222","","","","","","","","","",""
"1","0","Kamber, the Plunderer","Innistrad: Crimson Vow Commander","19","","","","","","","","","",""
"1","0","Sign in Blood","Magic 2011","117","","","","","","","","","",""
"4","0","Yarok's Fenlurker","Core Set 2020","123","","","","","","","","","",""
"1","0","Fertilid","Archenemy","54","","","","","","","","","",""
"1","0","Riveteers Overlook","Streets of New Capenna","255","","","","","","","","","",""
"1","0","Dream Fracture","Eventide","19","","","","","","","","","",""
"1","0","Hostile Takeover","Streets of New Capenna","191","","","foil","","","","","","",""
"3","0","Sign in Blood","Magic 2015 Core Set","114","","","","","","","","","",""
"1","0","Silverbluff Bridge","Modern Horizons 2","255","","","","","","","","","",""
"1","0","Arlinn, Voice of the Pack","The List","545","","","","","","","","","",""
"1","0","Bloodtithe Harvester","Innistrad: Crimson Vow","232","","","","","","","","","",""
"1","0","Cadira, Caller of the Small","Commander Legends: Battle for Baldur's Gate","528","","","foil","","","","","","",""
"1","0","Cast Down","Dominaria","81","","","","","","","","","",""
"3","0","Creeping Chill","Guilds of Ravnica","66","","","","","","","","","",""
"1","0","Damnable Pact","Innistrad: Crimson Vow Commander","126","","","","","","","","","",""
"1","0","Despoiler of Souls","Duel Decks: Nissa vs. Ob Nixilis","45","","","","","","","","","",""
"4","0","Dwynen's Elite","Magic Origins","173","","","","","","","","","",""
"4","0","Empyrean Eagle","Core Set 2020","208","","","","","","","","","",""
"1","0","Falkenrath Noble","Innistrad: Crimson Vow Commander","128","","","","","","","","","",""
"1","0","Gelatinous Cube","Adventures in the Forgotten Realms","105","","","","","","","","","",""
"3","0","Heartless Act","Ikoria: Lair of Behemoths","91","","","","","","","","","",""
"2","0","Liliana's Triumph","War of the Spark","98","","","","","","","","","",""
"1","0","Monastery Swiftspear","The Brothers' War","144","","","","","","","","","",""
"1","0","Mountain","Battle for Zendikar","267","","","","","","","","","",""
"1","0","Nissa's Pilgrimage","Magic Origins","190","","","","","","","","","",""
"1","0","Pooling Venom","Future Sight","74","","","","","","","","","",""
"1","0","Scion of Opulence","Innistrad: Crimson Vow Commander","28","","","","","","","","","",""
"2","0","Searing Blood","Born of the Gods","111","","","","","","","","","",""
"1","0","Serpent's Soul-Jar","Kaldheim Commander","11","","","","","","","","","",""
"1","0","Sinister Waltz","Innistrad: Crimson Vow Commander","30","","","","","","","","","",""
"4","0","Spectral Sailor","Core Set 2020","76","","","","","","","","","",""
"1","0","Swirling Sandstorm","Judgment","102","","","","","","","","","",""
"1","0","Thran Power Suit","The Brothers' War","253","","","","","","","","","",""
"1","0","Underworld Connections","Innistrad: Crimson Vow Commander","138","","","","","","","","","",""
"1","0","Urza Assembles the Titans","Dominaria United","37","","","","","","","","","",""
"3","0","Wanderer's Twig","Lorwyn","265","","","","","","","","","",""
"4","0","Watcher of the Spheres","Core Set 2021","227","","","","","","","","","",""
"1","0","Archangel of Wrath","Dominaria United","3","","","","","","","","","",""
"3","0","Bump in the Night","Innistrad","92","","","","","","","","","",""
"2","0","Electrickery","Return to Ravnica","93","","","","","","","","","",""
"4","0","Geistlight Snare","Innistrad: Crimson Vow","60","","","","","","","","","",""
"1","0","Obliterating Bolt","The Brothers' War","145","","","","","","","","","",""
"1","0","Pestilence","Fifth Edition","186","","","","","","","","","",""
"1","0","Runeforge Champion","Kaldheim","26","","","","","","","","","",""
"4","0","Drossforge Bridge","Modern Horizons 2","246","","","","","","","","","",""
"1","0","Fangorn, Tree Shepherd","The Lord of the Rings: Tales of Middle-earth","166","","","","","","","","","",""
"1","0","Joint Exploration","Dominaria United","56","","","","","","","","","",""
"1","0","Presence of Gond","Shadowmoor","125","","","","","","","","","",""
"2","0","Serene Heart","Mirage","242","","","","","","","","","",""
"1","0","Arlinn, Voice of the Pack","War of the Spark","150","","","","","","","","","",""
"4","0","Banishing Knack","Eventide","17","","","","","","","","","",""
"1","0","Carnelian Orb of Dragonkind","Commander Legends: Battle for Baldur's Gate","166","","","","","","","","","",""
"1","0","Haunted Mire","Dominaria United","248","","","","","","","","","",""
"1","0","Shadowblood Ridge","Innistrad: Crimson Vow Commander","181","","","","","","","","","",""
"4","0","Spinning Darkness","Weatherlight","81","","","","","","","","","",""
"1","0","Mind Flayer","Commander Legends: Battle for Baldur's Gate","728","","","","","","","","","",""
"2","0","Ravenform","Kaldheim","72","","","","","","","","","",""
"4","0","Alms of the Vein","Shadows over Innistrad","98","","","","","","","","","",""
"1","0","Arterial Alchemy","Innistrad: Crimson Vow Commander","23","","","","","","","","","",""
"2","0","Blanchwood Armor","The Brothers' War","384","","","","","","","","","",""
"1","0","Bloodsworn Steward","Innistrad: Crimson Vow Commander","144","","","","","","","","","",""
"1","0","Bloodtracker","Innistrad: Crimson Vow Commander","122","","","","","","","","","",""
"1","0","Celebr-8000","Unfinity","185","","","","","","","","","",""
"3","0","Cling to Dust","Theros Beyond Death","87","","","","","","","","","",""
"4","0","Cuombajj Witches","Chronicles","31","","","","","","","","","",""
"1","0","Dispel","Battle for Zendikar","76","","","","","","","","","",""
"1","0","Dispel","Return to Ravnica","36","","","","","","","","","",""
"1","0","Duress","Duel Decks Anthology, Divine vs. Demonic","46","","","","","","","","","",""
"1","0","Falkenrath Forebear","Innistrad: Crimson Vow","291","","","","","","","","","",""
"1","0","Gluntch, the Bestower","Commander Legends: Battle for Baldur's Gate","275","","","","","","","","","",""
"1","0","Judith, the Scourge Diva","Multiverse Legends","45","","","","","","","","","",""
"1","0","Laurine, the Diversion","Innistrad: Crimson Vow Commander","25","","","","","","","","","",""
"1","0","Markov Enforcer","Innistrad: Crimson Vow Commander","26","","","","","","","","","",""
"1","0","Monoskelion","Modern Horizons 2","429e","","","","","","","","","",""
"2","0","Noxious Grasp","Core Set 2020","110","","","","","","","","","",""
"1","0","Over the Top","The Brothers' War","146","","","","","","","","","",""
"2","0","Pieces of the Puzzle","Shadows over Innistrad","78","","","","","","","","","",""
"1","0","Rakdos Carnarium","Innistrad: Crimson Vow Commander","180","","","","","","","","","",""
"2","0","Rakdos Carnarium","Double Masters 2022","329","","","","","","","","","",""
"1","0","Remorseful Cleric","Innistrad: Crimson Vow Commander","97","","","","","","","","","",""
"1","0","Reroute","Ravnica: City of Guilds","139","","","","","","","","","",""
"1","0","Snowfield Sinkhole","Kaldheim","269","","","","","","","","","",""
"1","0","Sunlit Marsh","Dominaria United","257","","","","","","","","","",""
"4","0","Triclopean Sight","Lorwyn","45","","","","","","","","","",""
"1","0","Tymaret, Chosen from Death","Theros Beyond Death","263","","","foil","","","","","","",""
"4","0","Unexpected Fangs","Ikoria: Lair of Behemoths","102","","","","","","","","","",""
"1","0","Vampiric Dragon","Innistrad: Crimson Vow Commander","158","","","","","","","","","",""
"4","0","Voldaren Epicure","Innistrad: Crimson Vow","182","","","","","","","","","",""
"1","0","Widespread Thieving","Streets of New Capenna","130","","","","","","","","","",""
"1","0","Withstand Death","Scars of Mirrodin","134","","","","","","","","","",""
"1","0","Wyll, Blade of Frontiers","Commander Legends: Battle for Baldur's Gate","208","","","","","","","","","",""
"4","0","Behold the Multiverse","Kaldheim","46","","","","","","","","","",""
"1","0","Crimson Honor Guard","Innistrad: Crimson Vow Commander","145","","","","","","","","","",""
"1","0","Druid of the Anima","Shards of Alara","128","","","","","","","","","",""
"1","0","Exotic Orchard","Dominaria United Commander","209","","","","","","","","","",""
"1","0","Golgari Brownscale","Ravnica: City of Guilds","166","","","","","","","","","",""
"1","0","Invasion of Zendikar // Awakened Skyclave","March of the Machine","194","","","","","","","","","",""
"1","0","Jaspera Sentinel","Kaldheim","178","","","foil","","","","","","",""
"1","0","Mnemonic Nexus","Ravnica: City of Guilds","59","","","","","","","","","",""
"1","0","Myriad Landscape","Innistrad: Crimson Vow Commander","176","","","","","","","","","",""
"1","0","Sacred Peaks","Dominaria United","254","","","","","","","","","",""
"1","0","Seize the Spoils","Kaldheim","149","","","","","","","","","",""
"1","0","Soot Imp","Eventide","43","","","","","","","","","",""
"1","0","Stensia Uprising","Innistrad: Crimson Vow","178","","","","","","","","","",""
"1","0","Stoneskin","Commander Legends: Battle for Baldur's Gate","45","","","","","","","","","",""
"1","0","Tangled Islet","Dominaria United","258","","","","","","","","","",""
"1","0","Tocasia, Dig Site Mentor","The Brothers' War","224","","","","","","","","","",""
"1","0","Winged Portent","Innistrad: Crimson Vow","89","","","","","","","","","",""
"1","0","Ancient Craving","Innistrad: Crimson Vow Commander","117","","","","","","","","","",""
"1","0","Avacyn's Judgment","Innistrad: Crimson Vow Commander","142","","","","","","","","","",""
"2","0","Bloodfell Caves","Commander 2017","236","","","","","","","","","",""
"1","0","Falkenrath Gorger","Innistrad: Crimson Vow Commander","146","","","","","","","","","",""
"1","0","Hallow","Darksteel","4","","","","","","","","","",""
"1","0","Hero's Downfall","Innistrad: Crimson Vow","120","","","","","","","","","",""
"3","0","Isolate","Pioneer Challenger Decks 2021","3","","","","","","","","","",""
"1","0","Mountain","Innistrad: Crimson Vow","275","","","","","","","","","",""
"1","0","Negate","Morningtide","43","","","","","","","","","",""
"1","0","Prismite","Core Set 2020","235","","","foil","","","","","","",""
"1","0","Reclaim","Seventh Edition","263","","","","","","","","","",""
"1","0","Vex","Darksteel","36","","","","","","","","","",""
"1","0","Charcoal Diamond","Innistrad: Crimson Vow Commander","162","","","","","","","","","",""
"1","0","Explore","Jumpstart","393","","","","","","","","","",""
"1","0","Izzet Boilerworks","Double Masters 2022","326","","","","","","","","","",""
"1","0","Molten Tributary","Dominaria United","251","","","","","","","","","",""
"2","0","Radiant Grove","Dominaria United","253","","","","","","","","","",""
"2","0","Soul-Guide Lantern","The Brothers' War Retro Artifacts","54","","","","","","","","","",""
"1","0","Abomination of Llanowar","Commander Legends","265","","","","","","","","","",""
"1","0","Abrade","Innistrad: Crimson Vow","139","","","","","","","","","",""
"2","0","Aether Web","Time Spiral","189","","","","","","","","","",""
"1","0","Alchemist's Retrieval","Innistrad: Crimson Vow","47","","","","","","","","","",""
"1","0","Ambitious Dragonborn","Commander Legends: Battle for Baldur's Gate","213","","","foil","","","","","","",""
"1","0","Armorcraft Judge","Kaladesh","144","","","","","","","","","",""
"1","0","Baba Lysaga, Night Witch","Commander Legends: Battle for Baldur's Gate","266","","","","","","","","","",""
"2","0","Bladestitched Skaab","Innistrad: Midnight Hunt","212","","","","","","","","","",""
"1","0","Blizzard Brawl","Kaldheim","162","","","","","","","","","",""
"2","0","Bloodfell Caves","Core Set 2021","243","","","","","","","","","",""
"1","0","Breath Weapon","Commander Legends: Battle for Baldur's Gate","165","","","","","","","","","",""
"1","0","Cacophony Scamp","Phyrexia: All Will Be One","124","","","","","","","","","",""
"1","0","Cast Down","Commander Legends","112","","","","","","","","","",""
"1","0","Cast Down","Commander Legends: Battle for Baldur's Gate","119","","","","","","","","","",""
"3","0","Cathartic Reunion","Ikoria: Lair of Behemoths","110","","","","","","","","","",""
"1","0","Cathartic Reunion","Kaladesh","109","","","","","","","","","",""
"1","0","Chaotic Backlash","Eventide","49","","","","","","","","","",""
"1","0","Children of Korlis","Time Spiral Remastered","14","","","","","","","","","",""
"4","0","Cinder Barrens","Core Set 2019","248","","","","","","","","","",""
"2","0","Cloudchaser Kestrel","Time Spiral","10","","","","","","","","","",""
"1","0","Coiling Oracle","Double Masters 2022","194","","","","","","","","","",""
"1","0","Commander's Sphere","Commander 2021","239","","","","","","","","","",""
"1","0","Commander's Sphere","Innistrad: Crimson Vow Commander","163","","","","","","","","","",""
"1","0","Courier's Briefcase","Streets of New Capenna","467","","","","","","","","","",""
"1","0","Craven Hulk","Kaldheim","127","","","foil","","","","","","",""
"1","0","Crawling Infestation","Innistrad: Crimson Vow","193","","","","","","","","","",""
"4","0","Desert of the Glorified","Hour of Devastation","171","","","","","","","","","",""
"1","0","Destined // Lead","Amonkhet","217","","","","","","","","","",""
"1","0","Detainment Spell","Time Spiral","12","","","","","","","","","",""
"1","0","Devout Decree","Core Set 2020","13","","","","","","","","","",""
"3","0","Disfigure","Core Set 2020","95","","","","","","","","","",""
"1","0","Dormant Grove // Gnarled Grovestrider","Innistrad: Crimson Vow","198","","","","","","","","","",""
"2","0","Drag to the Underworld","Theros Beyond Death","89","","","","","","","","","",""
"4","0","Dusk Legion Zealot","Rivals of Ixalan","70","","","","","","","","","",""
"1","0","Elderfang Ritualist","Kaldheim","385","","","","","","","","","",""
"2","0","Electrostatic Infantry","Dominaria United","122","","","","","","","","","",""
"1","0","Elvish Eulogist","Lorwyn","205","","","","","","","","","",""
"4","0","Epic Downfall","Throne of Eldraine","85","","","","","","","","","",""
"1","0","Eureka Moment","Strixhaven: School of Mages","184","","","","","","","","","",""
"1","0","Evolved Spinoderm","Phyrexia: All Will Be One","166","","","","","","","","","",""
"4","0","Evolving Wilds","Ikoria: Lair of Behemoths","247","","","","","","","","","",""
"1","0","Fearless Liberator","Kaldheim","135","","","","","","","","","",""
"4","0","Fiery Temper","Shadows over Innistrad","156","","","","","","","","","",""
"1","0","Firebolt","Eternal Masters","130","","","","","","","","","",""
"2","0","Fog","Magic 2014 Core Set","171","","","","","","","","","",""
"1","0","Forging the Tyrite Sword","Kaldheim","211","","","","","","","","","",""
"4","0","Foulmire Knight // Profane Insight","Throne of Eldraine","90","","","","","","","","","",""
"1","0","Gilt-Leaf Ambush","Lorwyn","214","","","","","","","","","",""
"1","0","Gnottvold Slumbermound","Kaldheim","258","","","","","","","","","",""
"1","0","Gods Willing","Double Masters 2022","12","","","","","","","","","",""
"2","0","Goldmeadow Harrier","Lorwyn","17","","","","","","","","","",""
"1","0","Goldvein Pick","Kaldheim","239","","","","","","","","","",""
"1","0","Gothmog, Morgul Lieutenant","The Lord of the Rings: Tales of Middle-earth","429","","","","","","","","","",""
"1","0","Grasp of Darkness","Game Night 2019","30","","","","","","","","","",""
"1","0","Greenseeker","Time Spiral","198","","","","","","","","","",""
"4","0","Grimdancer","Ikoria: Lair of Behemoths","90","","","","","","","","","",""
"1","0","Healer of the Glade","Core Set 2020","176","","","","","","","","","",""
"1","0","Incriminate","Streets of New Capenna","465","","","","","","","","","",""
"1","0","Into the Night","Innistrad: Crimson Vow","163","","","","","","","","","",""
"1","0","Invasion of Amonkhet // Lazotep Convert","March of the Machine","231","","","","","","","","","",""
"1","0","Jade Orb of Dragonkind","Commander Legends: Battle for Baldur's Gate","236","","","","","","","","","",""
"1","0","Jan Jansen, Chaos Crafter","Commander Legends: Battle for Baldur's Gate","277","","","","","","","","","",""
"4","0","Kitesail Freebooter","Core Set 2021","107","","","","","","","","","",""
"1","0","Knight of Dusk's Shadow","Dominaria United","96","","","","","","","","","",""
"1","0","Light 'Em Up","Streets of New Capenna","466","","","","","","","","","",""
"1","0","Liquimetal Coating","The Brothers' War Retro Artifacts","28","","","","","","","","","",""
"1","0","Llanowar Behemoth","Weatherlight","132","","","","","","","","","",""
"4","0","Lofty Denial","Core Set 2021","56","","","","","","","","","",""
"1","0","Lunarch Veteran // Luminous Phantom","Innistrad: Midnight Hunt","27","","","","","","","","","",""
"1","0","Meeting of Minds","March of the Machine","66","","","","","","","","","",""
"1","0","Merrow Levitator","Eventide","26","","","","","","","","","",""
"1","0","Midnight Arsonist","Innistrad: Crimson Vow Commander","27","","","","","","","","","",""
"2","0","Mine Excavation","Shadowmoor","13","","","","","","","","","",""
"1","0","Mishra's Factory","Modern Horizons 2","302","","","","","","","","","",""
"1","0","Mountain","Innistrad: Crimson Vow","274","","","","","","","","","",""
"1","0","Narfi, Betrayer King","Kaldheim","224","","","","","","","","","",""
"2","0","Negate","March of the Machine","68","","","","","","","","","",""
"1","0","Nissa's Triumph","War of the Spark","170","","","","","","","","","",""
"1","0","Non-Human Cannonball","Unfinity","115","","","foil","","","","","","",""
"1","0","Opt","Core Set 2021","59","","","","","","","","","",""
"1","0","Overwhelming Remorse","The Brothers' War","110","","","","","","","","","",""
"1","0","Packsong Pup","Innistrad: Crimson Vow","213","","","","","","","","","",""
"1","0","Pendelhaven Elder","Time Spiral","209","","","","","","","","","",""
"1","0","Phantom Wurm","Time Spiral","211","","","","","","","","","",""
"1","0","Phyrexian Rager","Commander Anthology","62","","","","","","","","","",""
"1","0","Pristine Talisman","The Brothers' War Retro Artifacts","43","","","","","","","","","",""
"1","0","Prizefight","Streets of New Capenna","154","","","","","","","","","",""
"1","0","Radha's Firebrand","Dominaria United","141","","","","","","","","","",""
"1","0","Rakish Heir","Innistrad: Crimson Vow Commander","149","","","","","","","","","",""
"1","0","Ravenous Lindwurm","Kaldheim","187","","","foil","","","","","","",""
"1","0","Riveteers Charm","Streets of New Capenna","217","","","","","","","","","",""
"1","0","Riveteers Decoy","Streets of New Capenna","156","","","foil","","","","","","",""
"1","0","Sarulf's Packmate","Kaldheim","192","","","foil","","","","","","",""
"1","0","Scion of Halaster","Commander Legends: Battle for Baldur's Gate","498","","","foil","","","","","","",""
"1","0","Scouting Hawk","Commander Legends: Battle for Baldur's Gate","41","","","foil","","","","","","",""
"2","0","Seal Away","Dominaria","31","","","","","","","","","",""
"1","0","Seal from Existence","March of the Machine","35","","","","","","","","","",""
"1","0","Shenanigans","Modern Horizons","146","","","","","","","","","",""
"1","0","Shepherd of the Cosmos","Kaldheim","28","","","","","","","","","",""
"2","0","Silkwrap","Pioneer Challenger Decks 2021","4","","","","","","","","","",""
"1","0","Skeleton Archer","Double Masters 2022","90","","","foil","","","","","","",""
"1","0","Skemfar Shadowsage","Kaldheim","110","","","","","","","","","",""
"1","0","Slaughter the Strong","Commander Legends: Battle for Baldur's Gate","43","","","","","","","","","",""
"1","0","Smash to Dust","Dominaria United","144","","","","","","","","","",""
"1","0","Snakeskin Veil","Kaldheim","194","","","","","","","","","",""
"1","0","Sorin's Thirst","Core Set 2020","325","","","","","","","","","",""
"4","0","Spell Pierce","Ixalan","81","","","","","","","","","",""
"1","0","Stensia Masquerade","Innistrad: Crimson Vow Commander","150","","","","","","","","","",""
"1","0","Sticky Fingers","Streets of New Capenna","124","","","","","","","","","",""
"1","0","Strefan, Maurer Progenitor","Crimson Vow Display Commanders","2","","","","","","","","","",""
"1","0","Stromkirk Condemned","Innistrad: Crimson Vow Commander","137","","","","","","","","","",""
"1","0","Stromkirk Occultist","Innistrad: Crimson Vow Commander","151","","","","","","","","","",""
"1","0","Supreme Will","Hour of Devastation","49","","","","","","","","","",""
"2","0","Tail Swipe","Dominaria United","182","","","","","","","","","",""
"1","0","Temple of the False God","Innistrad: Crimson Vow Commander","187","","","","","","","","","",""
"2","0","Temporal Isolation","Time Spiral","43","","","","","","","","","",""
"1","0","Tenth District Legionnaire","War of the Spark","222","","","","","","","","","",""
"1","0","Tergrid's Shadow","Kaldheim","113","","","","","","","","","",""
"1","0","Thornmantle Striker","Kaldheim","387","","","","","","","","","",""
"4","0","Thought Distortion","Core Set 2020","117","","","","","","","","","",""
"6","0","Thriving Isle","Jumpstart","36","","","","","","","","","",""
"1","0","Tilling Treefolk","Eventide","78","","","","","","","","","",""
"1","0","Truss, Chief Engineer","Unfinity","181","","","","","","","","","",""
"2","0","Twinferno","Dominaria United","149","","","","","","","","","",""
"1","0","Unstable Obelisk","Innistrad: Crimson Vow Commander","170","","","","","","","","","",""
"1","0","Urge to Feed","Innistrad: Crimson Vow Commander","139","","","","","","","","","",""
"1","0","Vampire Nighthawk","Innistrad: Crimson Vow Commander","140","","","","","","","","","",""
"4","0","Vampire's Kiss","Innistrad: Crimson Vow","136","","","","","","","","","",""
"1","0","Vega, the Watcher","Kaldheim","233","","","","","","","","","",""
"1","0","Veteran of the Depths","Lorwyn","46","","","","","","","","","",""
"2","0","Warlock Class","Adventures in the Forgotten Realms","125","","","","","","","","","",""
"1","0","Windrider Wizard","Zendikar Rising","87","","","","","","","","","",""
"1","0","Wooded Ridgeline","Dominaria United","260","","","","","","","","","",""
"1","0","Woodland Champion","Core Set 2020","205","","","","","","","","","",""
"4","0","Amrou Seekers","Time Spiral","2","","","","","","","","","",""
"2","0","Ardent Elementalist","Innistrad: Midnight Hunt","128","","","","","","","","","",""
"1","0","Ballynock Trapper","Eventide","2","","","","","","","","","",""
"1","0","Burnished Hart","Commander Legends: Battle for Baldur's Gate","303","","","","","","","","","",""
"1","0","Crystal Grotto","Dominaria United","246","","","","","","","","","",""
"1","0","D'Avenant Healer","Time Spiral","11","","","","","","","","","",""
"2","0","Dawnhart Rejuvenator","Innistrad: Midnight Hunt","301","","","foil","","","","","","",""
"4","0","Diabolic Edict","Modern Horizons","87","","","","","","","","","",""
"2","0","Drownyard Amalgam","Innistrad: Midnight Hunt","50","","","foil","","","","","","",""
"2","0","Elvish Branchbender","Lorwyn","204","","","","","","","","","",""
"1","0","Evolving Wilds","Innistrad: Crimson Vow","263","","","","","","","","","",""
"1","0","Foray of Orcs","The Lord of the Rings: Tales of Middle-earth","128","","","foil","","","","","","",""
"1","0","Infiltrator's Magemark","Guildpact","28","","","","","","","","","",""
"1","0","Jungle Hollow","March of the Machine","270","","","","","","","","","",""
"4","0","Llanowar Empath","Future Sight","130","","","","","","","","","",""
"1","0","Mending Hands","Betrayers of Kamigawa","15","","","","","","","","","",""
"1","0","Mortal's Resolve","Born of the Gods","127","","","","","","","","","",""
"1","0","Negate","Dominaria United","58","","","","","","","","","",""
"1","0","Return Upon the Tide","Kaldheim","106","","","","","","","","","",""
"1","0","Ringskipper","Lorwyn","81","","","","","","","","","",""
"2","0","Soaring Hope","Lorwyn","40","","","","","","","","","",""
"1","0","Stromkirk Bloodthief","Innistrad: Midnight Hunt","123","","","","","","","","","",""
"1","0","Sunlance","Planar Chaos","31","","","","","","","","","",""
"2","0","Surge of Thoughtweft","Lorwyn","43","","","","","","","","","",""
"1","0","Thrive","Dissension","98","","","","","","","","","",""
"1","0","Unsummon","Core Set 2020","78","","","","","","","","","",""
"1","0","Apothecary Initiate","Shadowmoor","1","","","","","","","","","",""
"1","0","Dwarven Hammer","Kaldheim","133","","","","","","","","","",""
"1","0","Foriysian Interceptor","Time Spiral","18","","","","","","","","","",""
"2","0","Glass Asp","Time Spiral","197","","","","","","","","","",""
"1","0","Glimpse the Cosmos","Kaldheim","60","","","","","","","","","",""
"1","0","Greater Mossdog","Ravnica: City of Guilds","169","","","","","","","","","",""
"1","0","Inquisitor's Snare","Shadowmoor","8","","","","","","","","","",""
"1","0","Lead Astray","Judgment","14","","","","","","","","","",""
"1","0","Liquify","Torment","41","","","","","","","","","",""
"1","0","Neck Snap","Lorwyn","32","","","","","","","","","",""
"1","0","Orim's Touch","Invasion","23","","","","","","","","","",""
"2","0","Steel Sabotage","Mirrodin Besieged","33","","","","","","","","","",""
"8","0","Stream of Thought","Modern Horizons","71","","","","","","","","","",""
"1","0","Tramway Station","Streets of New Capenna","258","","","","","","","","","",""
"1","0","Usher of the Fallen","Kaldheim","35","","","","","","","","","",""
"2","0","Wicked Akuba","Champions of Kamigawa","150","","","","","","","","","",""
"1","0","Arcbound Whelp","Modern Horizons 2","113","","","","","","","","","",""
"1","0","Catapult Fodder // Catapult Captain","Innistrad: Crimson Vow","99","","","","","","","","","",""
"1","0","Flay Essence","Modern Horizons 2","85","","","","","","","","","",""
"1","0","Lapis Orb of Dragonkind","Commander Legends: Battle for Baldur's Gate","82","","","","","","","","","",""
"1","0","Mourning Thrull","Guildpact","146","","","","","","","","","",""
"1","0","Raze the Effigy","Innistrad: Midnight Hunt","156","","","","","","","","","",""
"2","0","Shield-Wall Sentinel","Dominaria United","238","","","","","","","","","",""
"4","0","Shock","Battlebond","184","","","","","","","","","",""
"1","0","Spotter Thopter","The Brothers' War","80","","","foil","","","","","","",""
"3","0","Strength in Numbers","Time Spiral","224","","","","","","","","","",""
"1","0","Suspicious Bookcase","Streets of New Capenna","245","","","","","","","","","",""
"1","0","Wandering Mind","Innistrad: Crimson Vow","251","","","","","","","","","",""
"1","0","Annoyed Altisaur","Double Masters 2022","134","","","","","","","","","",""
"1","0","Elven Bow","Kaldheim","166","","","","","","","","","",""
"2","0","Excommunicate","Shards of Alara","11","","","","","","","","","",""
"1","0","Hard Evidence","Modern Horizons 2","46","","","","","","","","","",""
"1","0","Anticipate","Core Set 2020","45","","","","","","","","","",""
"1","0","Beacon Hawk","Dissension","3","","","","","","","","","",""
"1","0","Beamtown Beatstick","March of the Machine","131","","","","","","","","","",""
"1","0","Bite Down","Dominaria United","155","","","","","","","","","",""
"1","0","Bloodsky Berserker","Kaldheim","80","","","","","","","","","",""
"1","0","Braids's Frightful Return","Dominaria United","85","","","","","","","","","",""
"1","0","Breathless Knight","Modern Horizons 2","187","","","","","","","","","",""
"2","0","Brinebarrow Intruder","Kaldheim","49","","","","","","","","","",""
"2","0","Carom","Dissension","6","","","","","","","","","",""
"1","0","Circle of Confinement","Innistrad: Crimson Vow","7","","","","","","","","","",""
"1","0","Convolute","Ravnica: City of Guilds","41","","","","","","","","","",""
"1","0","Dedicated Martyr","Odyssey","16","","","","","","","","","",""
"1","0","Defend the Celestus","Innistrad: Midnight Hunt","182","","","","","","","","","",""
"1","0","Defend the Hearth","Theros","156","","","","","","","","","",""
"1","0","Disperse","Morningtide","31","","","","","","","","","",""
"1","0","Duress","Core Set 2019","94","","","","","","","","","",""
"1","0","Duress","Core Set 2021","96","","","","","","","","","",""
"3","0","Duress","Dragons of Tarkir","98","","","","","","","","","",""
"1","0","Dusk Mangler","Streets of New Capenna","77","","","","","","","","","",""
"1","0","Dúnedain Blade","The Lord of the Rings: Tales of Middle-earth","6","","","foil","","","","","","",""
"1","0","Eel Umbra","Double Masters 2022","48","","","","","","","","","",""
"1","0","Elven Farsight","The Lord of the Rings: Tales of Middle-earth","161","","","","","","","","","",""
"4","0","Elvish Visionary","Commander Legends","223","","","","","","","","","",""
"3","0","Embolden","Odyssey","22","","","","","","","","","",""
"3","0","Ertai's Scorn","Dominaria United","48","","","","","","","","","",""
"2","0","Fatal Grudge","Streets of New Capenna","187","","","","","","","","","",""
"1","0","Fires of Victory","Dominaria United","123","","","","","","","","","",""
"2","0","First-Sphere Gargantua","Modern Horizons","91","","","","","","","","","",""
"4","0","Fistful of Force","Lorwyn","212","","","","","","","","","",""
"1","0","Freewind Equenaut","Dissension","9","","","","","","","","","",""
"1","0","Gorbag of Minas Morgul","The Lord of the Rings: Tales of Middle-earth","86","","","","","","","","","",""
"1","0","Gurgling Anointer","The Brothers' War","104","","","","","","","","","",""
"1","0","Halsin, Emerald Archdruid","Commander Legends: Battle for Baldur's Gate","408","","","","","","","","","",""
"1","0","Harsh Sustenance","Fate Reforged","154","","","","","","","","","",""
"1","0","Herd Gnarr","Time Spiral","200","","","","","","","","","",""
"1","0","Hero's Heirloom","Dominaria United","231","","","","","","","","","",""
"2","0","Hired Poisoner","Guilds of Ravnica","72","","","","","","","","","",""
"1","0","Impulse","Dominaria United","55","","","","","","","","","",""
"1","0","Ivy Lane Denizen","Jumpstart 2022","680","","","","","","","","","",""
"3","0","Jaspera Sentinel","Kaldheim","178","","","","","","","","","",""
"4","0","Kitchen Imp","Modern Horizons 2","89","","","","","","","","","",""
"2","0","Life Goes On","Core Set 2021","192","","","","","","","","","",""
"2","0","Lightning Strike","Dominaria United","137","","","","","","","","","",""
"1","0","Lithoform Blight","Zendikar Rising","109","","","","","","","","","",""
"1","0","Moment of Truth","March of the Machine","67","","","","","","","","","",""
"1","0","Mr. Orfeo, the Boulder","Streets of New Capenna","204","","","","","","","","","",""
"1","0","Murder","Streets of New Capenna","88","","","","","","","","","",""
"1","0","Night Clubber","Streets of New Capenna","89","","","","","","","","","",""
"2","0","Nishoba Brawler","Dominaria United","174","","","","","","","","","",""
"1","0","Parasitic Grasp","Innistrad: Crimson Vow","123","","","","","","","","","",""
"3","0","Pillar of Flame","Avacyn Restored","149","","","","","","","","","",""
"1","0","Provoke the Trolls","Kaldheim","144","","","","","","","","","",""
"1","0","Racers' Ring","Streets of New Capenna","253","","","","","","","","","",""
"1","0","Raise the Alarm","Core Set 2020","34","","","","","","","","","",""
"1","0","Rasaad yn Bashir","Commander Legends: Battle for Baldur's Gate","37","","","","","","","","","",""
"2","0","Redeem","Eighth Edition","37","","","","","","","","","",""
"2","0","Riot Spikes","Dissension","146","","","","","","","","","",""
"1","0","Rona's Vortex","Dominaria United","63","","","","","","","","","",""
"1","0","Samwise the Stouthearted","The Lord of the Rings: Tales of Middle-earth","28","","","","","","","","","",""
"1","0","Saruman the White","The Lord of the Rings: Tales of Middle-earth","67","","","","","","","","","",""
"1","0","Saruman's Trickery","The Lord of the Rings: Tales of Middle-earth","68","","","","","","","","","",""
"1","0","Scorn-Blade Berserker","March of the Machine","124","","","","","","","","","",""
"1","0","Severed Strands","Double Masters 2022","88","","","foil","","","","","","",""
"1","0","Soulcipher Board // Cipherbound Spirit","Innistrad: Crimson Vow","79","","","","","","","","","",""
"1","0","Stall for Time","Dominaria United","34","","","foil","","","","","","",""
"1","0","Strands of Undeath","Ravnica: City of Guilds","108","","","","","","","","","",""
"1","0","Swamp","Core Set 2019","270","","","","","","","","","",""
"1","0","Tale of Tinúviel","The Lord of the Rings: Tales of Middle-earth","34","","","","","","","","","",""
"1","0","Trench Stalker","The Brothers' War","116","","","foil","","","","","","",""
"1","0","Urborg Panther","Mirage","150","","","","","","","","","",""
"1","0","Urza, Powerstone Prodigy","The Brothers' War","69","","","","","","","","","",""
"1","0","Verdant Eidolon","Dissension","100","","","","","","","","","",""
"1","0","Viconia, Drow Apostate","Commander Legends: Battle for Baldur's Gate","394","","","","","","","","","",""
"1","0","Voltaic Visionary // Volt-Charged Berserker","Innistrad: Crimson Vow","183","","","","","","","","","",""
"1","0","Wind-Scarred Crag","March of the Machine","276","","","","","","","","","",""
"2","0","Wingmantle Chaplain","Dominaria United","39","","","","","","","","","",""
"1","0","Without Weakness","Hour of Devastation","81","","","","","","","","","",""
"1","0","Xerex Strobe-Knight","March of the Machine","85","","","","","","","","","",""
"1","0","Anticognition","Zendikar Rising","45","","","","","","","","","",""
"2","0","Arachnoid Adaptation","March of the Machine","175","","","","","","","","","",""
"1","0","Bloodsworn Squire // Bloodsworn Knight","Innistrad: Crimson Vow","97","","","","","","","","","",""
"1","0","Captive Weird // Compleated Conjurer","March of the Machine","49","","","","","","","","","",""
"1","0","Cloakwood Swarmkeeper","Commander Legends: Battle for Baldur's Gate","222","","","","","","","","","",""
"1","0","Crippling Chill","Khans of Tarkir","35","","","","","","","","","",""
"1","0","Daggersail Aeronaut","Core Set 2020","133","","","","","","","","","",""
"1","0","Doomed Dissenter","Innistrad: Crimson Vow","106","","","","","","","","","",""
"1","0","Electric Revelation","Innistrad: Midnight Hunt","135","","","","","","","","","",""
"1","0","Essence Scatter","Dominaria United","49","","","","","","","","","",""
"4","0","Galvanic Bombardment","Eldritch Moon","129","","","","","","","","","",""
"1","0","Graveyard Shift","Streets of New Capenna","81","","","","","","","","","",""
"1","0","Great Desert Prospector","The Brothers' War","7","","","","","","","","","",""
"1","0","Greenseeker","Time Spiral Remastered","207","","","","","","","","","",""
"1","0","Honeymoon Hearse","Innistrad: Crimson Vow","160","","","","","","","","","",""
"1","0","Invasion of Vryn // Overloaded Mage-Ring","March of the Machine","64","","","","","","","","","",""
"1","0","Lava Coil","Double Masters 2022","116","","","","","","","","","",""
"1","0","Mistfire Adept","Double Masters 2022","59","","","","","","","","","",""
"1","0","Mulch","Innistrad: Crimson Vow","210","","","","","","","","","",""
"1","0","Najal, the Storm Runner","Dominaria United","208","","","","","","","","","",""
"1","0","Sanctify","Innistrad: Crimson Vow","33","","","","","","","","","",""
"1","0","Static Net","The Brothers' War","27","","","","","","","","","",""
"1","0","Supernatural Stamina","Double Masters 2022","93","","","","","","","","","",""
"1","0","Terminal Agony","Modern Horizons 2","215","","","","","","","","","",""
"1","0","Urborg Repossession","Dominaria United","114","","","","","","","","","",""
"1","0","Zar Ojanen, Scion of Efrava","Dominaria United","227","","","","","","","","","",""
"1","0","Ashnod's Intervention","The Brothers' War","85","","","","","","","","","",""
"1","0","Cancel","Amonkhet","44","","","","","","","","","",""
"1","0","Disenchant","The Brothers' War","6","","","","","","","","","",""
"1","0","Drillworks Mole","Commander Legends: Battle for Baldur's Gate","311","","","","","","","","","",""
"1","0","Fang Dragon // Forktail Sweep","Commander Legends: Battle for Baldur's Gate","173","","","","","","","","","",""
"2","0","Forge Boss","Streets of New Capenna","189","","","","","","","","","",""
"1","0","Gnarlback Rhino","Double Masters 2022","148","","","","","","","","","",""
"1","0","Markov Waltzer","Innistrad: Crimson Vow","313","","","","","","","","","",""
"1","0","Momentary Blink","Kaldheim Commander","30","","","","","","","","","",""
"1","0","Netcaster Spider","Core Set 2020","184","","","","","","","","","",""
"1","0","Queen Allenal of Ruadach","Dominaria United","309","","","","","","","","","",""
"2","0","Ravenous Sailback","March of the Machine","202","","","","","","","","","",""
"2","0","Riveteers Decoy","Streets of New Capenna","156","","","","","","","","","",""
"1","0","Sculptor of Winter","Kaldheim","193","","","","","","","","","",""
"2","0","Severed Strands","Guilds of Ravnica","85","","","","","","","","","",""
"1","0","Tatyova, Steward of Tides","Dominaria United","321","","","","","","","","","",""
"1","0","Thriving Isle","Jumpstart 2022","825","","","","","","","","","",""
"1","0","Arachnus Web","Double Masters 2022","136","","","","","","","","","",""
"1","0","Baird, Argivian Recruiter","Dominaria United","294","","","","","","","","","",""
"1","0","Enduring Bondwarden","March of the Machine","14","","","","","","","","","",""
"1","0","Uurg, Spawn of Turg","Dominaria United","324","","","","","","","","","",""
"1","0","Veteran's Powerblade","The Brothers' War","41","","","","","","","","","",""
"1","0","Agony Warp","Double Masters 2022","168","","","","","","","","","",""
"1","0","Armor of Shadows","Commander Legends: Battle for Baldur's Gate","112","","","","","","","","","",""
"2","0","Battlefly Swarm","Dominaria United","81","","","","","","","","","",""
"1","0","Charge of the Mites","Phyrexia: All Will Be One","6","","","","","","","","","",""
"1","0","Coral Colony","Dominaria United","45","","","","","","","","","",""
"1","0","Draconic Lore","Commander Legends: Battle for Baldur's Gate","64","","","","","","","","","",""
"1","0","Master Chef","Commander Legends: Battle for Baldur's Gate","241","","","","","","","","","",""
"1","0","Mind Rot","Core Set 2020","108","","","","","","","","","",""
"1","0","Overgrown Pest","March of the Machine","197","","","","","","","","","",""
"1","0","Reduce to Ashes","Core Set 2020","155","","","","","","","","","",""
"1","0","Scatter Ray","The Brothers' War","61","","","","","","","","","",""
"1","0","Steadfast Sentry","Core Set 2020","40","","","","","","","","","",""
"1","0","Adventure Awaits","Zendikar Rising","177","","","","","","","","","",""
"1","0","Aeronaut Cavalry","The Brothers' War","1","","","","","","","","","",""
"1","0","Alloy Animist","The Brothers' War","166","","","","","","","","","",""
"2","0","Antagonize","Streets of New Capenna","100","","","","","","","","","",""
"2","0","Arachnoform","Kaldheim","159","","","","","","","","","",""
"1","0","Axgard Braggart","Kaldheim","1","","","","","","","","","",""
"1","0","Barbed Batterfist","Phyrexia: All Will Be One","121","","","","","","","","","",""
"1","0","Beskir Shieldmate","Kaldheim","4","","","","","","","","","",""
"1","0","Bladed Battle-Fan","March of the Machine","91","","","","","","","","","",""
"1","0","Bladegraft Aspirant","Phyrexia: All Will Be One","122","","","","","","","","","",""
"1","0","Blight Pile","Dominaria United","82","","","","","","","","","",""
"1","0","Blighted Burgeoning","March of the Machine","177","","","","","","","","","",""
"2","0","Body Dropper","Streets of New Capenna","168","","","","","","","","","",""
"1","0","Brindle Shoat","Double Masters 2022","139","","","","","","","","","",""
"1","0","Chance-Met Elves","The Lord of the Rings: Tales of Middle-earth","157","","","","","","","","","",""
"1","0","Chrome Courier","Modern Horizons 2","190","","","","","","","","","",""
"1","0","Cinderheart Giant","Kaldheim","126","","","","","","","","","",""
"1","0","Combat Courier","The Brothers' War","77","","","","","","","","","",""
"1","0","Compleated Huntmaster","March of the Machine","96","","","","","","","","","",""
"1","0","Crew Captain","Streets of New Capenna","180","","","","","","","","","",""
"1","0","Cut Short","March of the Machine","10","","","","","","","","","",""
"2","0","Deepwood Denizen","Modern Horizons 2","155","","","","","","","","","",""
"1","0","Deranged Assistant","Double Masters 2022","45","","","","","","","","","",""
"1","0","Disciplined Duelist","Streets of New Capenna","304","","","","","","","","","",""
"4","0","Disfigure","Double Masters 2022","74","","","","","","","","","",""
"1","0","Doomskar Oracle","Kaldheim","10","","","","","","","","","",""
"1","0","Draugr Recruiter","Kaldheim","87","","","","","","","","","",""
"1","0","Dunland Crebain","The Lord of the Rings: Tales of Middle-earth","411","","","","","","","","","",""
"1","0","Dwarven Reinforcements","Kaldheim","134","","","","","","","","","",""
"1","0","Eccentric Farmer","Innistrad: Midnight Hunt","185","","","","","","","","","",""
"1","0","Elvish Hydromancer","Dominaria United","162","","","","","","","","","",""
"1","0","Epic Confrontation","The Brothers' War","176","","","","","","","","","",""
"1","0","Esquire of the King","The Lord of the Rings: Tales of Middle-earth","13","","","","","","","","","",""
"1","0","Excavation Explosion","The Brothers' War","132","","","","","","","","","",""
"1","0","Expedition Lookout","March of the Machine","56","","","","","","","","","",""
"1","0","Eyes of Gitaxias","March of the Machine","57","","","","","","","","","",""
"1","0","Failed Conversion","March of the Machine","103","","","","","","","","","",""
"1","0","Falcon Abomination","Innistrad: Midnight Hunt","52","","","","","","","","","",""
"1","0","Fallaji Excavation","The Brothers' War","178","","","","","","","","","",""
"1","0","Fodder Tosser","Modern Horizons 2","226","","","","","","","","","",""
"1","0","Frost Bite","Kaldheim","138","","","","","","","","","",""
"1","0","Frostfist Strider","Dominaria United","51","","","","","","","","","",""
"1","0","Funeral Longboat","Kaldheim","238","","","","","","","","","",""
"1","0","Furnace Skullbomb","Phyrexia: All Will Be One","228","","","","","","","","","",""
"1","0","Galadhrim Guide","The Lord of the Rings: Tales of Middle-earth","168","","","","","","","","","",""
"1","0","Gargadon","Modern Horizons 2","351","","","","","","","","","",""
"1","0","Gathering Throng","Streets of New Capenna","13","","","","","","","","","",""
"1","0","Gift of Strands","The Lord of the Rings: Tales of Middle-earth","170","","","","","","","","","",""
"1","0","Girder Goons","Streets of New Capenna","80","","","","","","","","","",""
"1","0","Gloomfang Mauler","March of the Machine","108","","","","","","","","","",""
"1","0","Glowspore Shaman","Double Masters 2022","220","","","","","","","","","",""
"1","0","Gluttonous Guest","Innistrad: Crimson Vow","292","","","","","","","","","",""
"1","0","Goblin Firebomb","The Brothers' War","235","","","","","","","","","",""
"1","0","Grim Draugr","Kaldheim","96","","","","","","","","","",""
"1","0","Hero of the Dunes","The Brothers' War","213","","","","","","","","","",""
"1","0","Hungry Ridgewolf","Innistrad: Crimson Vow","161","","","","","","","","","",""
"2","0","Hurloon Battle Hymn","Dominaria United","131","","","","","","","","","",""
"1","0","Icehide Troll","Kaldheim","176","","","","","","","","","",""
"1","0","Ichor Drinker","March of the Machine","111","","","","","","","","","",""
"1","0","Immolation","Innistrad: Midnight Hunt","144","","","","","","","","","",""
"1","0","Incriminate","Streets of New Capenna","84","","","","","","","","","",""
"1","0","Incubation Sac","Phyrexia: All Will Be One","171","","","","","","","","","",""
"1","0","Indoctrination Attendant","Phyrexia: All Will Be One","16","","","","","","","","","",""
"1","0","Infected Defector","March of the Machine","18","","","","","","","","","",""
"1","0","Invasion of Ulgrotha // Grandmother Ravi Sengir","March of the Machine","116","","","","","","","","","",""
"1","0","Island","Strixhaven: School of Mages","369","","","","","","","","","",""
"1","0","Karfell Harbinger","Kaldheim","65","","","","","","","","","",""
"1","0","Knightly Valor","Double Masters 2022","14","","","","","","","","","",""
"1","0","Landscaper Colos","Modern Horizons 2","18","","","","","","","","","",""
"2","0","Lantern Bearer // Lanterns' Lift","Innistrad: Crimson Vow","66","","","","","","","","","",""
"2","0","Light of Hope","Jumpstart 2022","209","","","","","","","","","",""
"1","0","Linebreaker Baloth","Dominaria United","168","","","","","","","","","",""
"1","0","Lothlórien Lookout","The Lord of the Rings: Tales of Middle-earth","175","","","","","","","","","",""
"1","0","Lunar Rejection","Innistrad: Crimson Vow","67","","","","","","","","","",""
"1","0","Marching Duodrone","Commander Legends: Battle for Baldur's Gate","321","","","","","","","","","",""
"1","0","Martial Glory","Double Masters 2022","249","","","","","","","","","",""
"1","0","Masked Bandits","Streets of New Capenna","201","","","","","","","","","",""
"3","0","Mayhem Patrol","Streets of New Capenna","114","","","","","","","","","",""
"1","0","Mental Journey","Modern Horizons 2","51","","","","","","","","","",""
"1","0","Mine Worker","The Brothers' War","239","","","","","","","","","",""
"1","0","Mishra's Onslaught","The Brothers' War","143","","","","","","","","","",""
"1","0","Mists of Littjara","Kaldheim","67","","","","","","","","","",""
"1","0","Mold Folk","Commander Legends: Battle for Baldur's Gate","133","","","","","","","","","",""
"1","0","Monstrous War-Leech","Dominaria United","98","","","","","","","","","",""
"2","0","Nael, Avizoa Aeronaut","Dominaria United","306","","","","","","","","","",""
"1","0","Nature's Embrace","Innistrad: Crimson Vow","211","","","","","","","","","",""
"1","0","No Escape","War of the Spark","63","","","","","","","","","",""
"1","0","Oblivion's Hunger","Zendikar Rising","119","","","","","","","","","",""
"1","0","Oculus Whelp","March of the Machine","69","","","","","","","","","",""
"1","0","Orchard Strider","Modern Horizons 2","169","","","","","","","","","",""
"1","0","Phyrexian Atlas","Phyrexia: All Will Be One","237","","","","","","","","","",""
"1","0","Pilfering Hawk","Kaldheim","71","","","","","","","","","",""
"1","0","Plasma Jockey","Streets of New Capenna","115","","","","","","","","","",""
"1","0","Pyre-Sledge Arsonist","Streets of New Capenna","118","","","","","","","","","",""
"1","0","Radha, Coalition Warlord","Dominaria United","211","","","","","","","","","",""
"1","0","Radha, Coalition Warlord","Dominaria United","310","","","","","","","","","",""
"1","0","Raiders' Karve","Kaldheim","242","","","","","","","","","",""
"1","0","Rampaging Geoderm","March of the Machine","251","","","","","","","","","",""
"1","0","Ravenous Lindwurm","Kaldheim","187","","","","","","","","","",""
"1","0","Reject","Strixhaven: School of Mages","50","","","","","","","","","",""
"1","0","Repository Skaab","Innistrad: Crimson Vow","73","","","","","","","","","",""
"1","0","Rift Sower","Modern Horizons 2","170","","","","","","","","","",""
"1","0","Roots of Wisdom","Kaldheim","190","","","","","","","","","",""
"1","0","Rot-Tide Gargantua","Innistrad: Crimson Vow","129","","","","","","","","","",""
"1","0","Run Ashore","Kaldheim","74","","","","","","","","","",""
"1","0","Runic Shot","Dominaria United","30","","","","","","","","","",""
"1","0","Seekers' Squire","Double Masters 2022","87","","","","","","","","","",""
"5","0","Sengir Connoisseur","Dominaria United","104","","","","","","","","","",""
"1","0","Settle Beyond Reality","Double Masters 2022","30","","","","","","","","","",""
"1","0","Shalai's Acolyte","Dominaria United","33","","","","","","","","","",""
"1","0","Shoot Down","The Brothers' War","190","","","","","","","","","",""
"1","0","Skeleton Archer","Double Masters 2022","90","","","","","","","","","",""
"1","0","Skulking Killer","Innistrad: Crimson Vow","130","","","","","","","","","",""
"1","0","Snarling Wolf","Innistrad: Crimson Vow","219","","","","","","","","","",""
"1","0","Soul of Migration","Modern Horizons 2","33","","","","","","","","","",""
"1","0","Strategic Planning","Kaldheim","77","","","","","","","","","",""
"1","0","Sun-Blessed Guardian // Furnace-Blessed Conqueror","March of the Machine","38","","","","","","","","","",""
"2","0","Supply Drop","The Brothers' War","250","","","","","","","","","",""
"1","0","Sure Strike","Innistrad: Crimson Vow","179","","","","","","","","","",""
"1","0","Tavern Brawler","Commander Legends: Battle for Baldur's Gate","200","","","","","","","","","",""
"1","0","Tiamat's Fanatics","Commander Legends: Battle for Baldur's Gate","202","","","","","","","","","",""
"1","0","Tori D'Avenant, Fury Rider","Dominaria United","322","","","","","","","","","",""
"1","0","Tourach's Canticle","Modern Horizons 2","103","","","","","","","","","",""
"1","0","Tower Worker","The Brothers' War","255","","","","","","","","","",""
"1","0","Toxic Scorpion","Innistrad: Crimson Vow","224","","","","","","","","","",""
"1","0","Tura Kennerüd, Skyknight","Dominaria United","224","","","","","","","","","",""
"1","0","Tura Kennerüd, Skyknight","Dominaria United","323","","","","","","","","","",""
"1","0","Tyrranax Atrocity","Phyrexia: All Will Be One","188","","","","","","","","","",""
"1","0","Unhallowed Phalanx","Innistrad: Crimson Vow","135","","","","","","","","","",""
"1","0","Urza's Rebuff","The Brothers' War","71","","","","","","","","","",""
"1","0","Vengeant Earth","March of the Machine","212","","","","","","","","","",""
"1","0","Vohar, Vodalian Desecrator","Dominaria United","325","","","","","","","","","",""
"1","0","War-Trained Slasher","March of the Machine","172","","","","","","","","","",""
"1","0","Westfold Rider","The Lord of the Rings: Tales of Middle-earth","37","","","","","","","","","",""
"1","0","Whirling Strike","The Brothers' War","157","","","","","","","","","",""
"1","0","Wolf Strike","Innistrad: Crimson Vow","228","","","","","","","","","",""
"1","0","Writhing Necromass","Dominaria United","115","","","","","","","","","",""
"2","0","Yavimaya Steelcrusher","Dominaria United","152","","","","","","","","","",""
"2","0","Zar Ojanen, Scion of Efrava","Dominaria United","326","","","","","","","","","",""
"1","0","Balduvian Berserker","Dominaria United","116","","","","","","","","","",""
"2","0","Battle-Rage Blessing","Dominaria United","80","","","","","","","","","",""
"1","0","Benalish Sleeper","Dominaria United","8","","","","","","","","","",""
"1","0","Blood Petal Celebrant","Innistrad: Crimson Vow","146","","","","","","","","","",""
"1","0","Blood Servitor","Innistrad: Crimson Vow","252","","","","","","","","","",""
"1","0","Broken Wings","Kaldheim","164","","","","","","","","","",""
"1","0","Carrion Locust","The Brothers' War","87","","","","","","","","","",""
"2","0","Conscripted Infantry","The Brothers' War","129","","","","","","","","","",""
"1","0","Flourishing Hunter","Innistrad: Crimson Vow","199","","","","","","","","","",""
"1","0","Gavony Silversmith","Innistrad: Midnight Hunt","21","","","","","","","","","",""
"1","0","Grisly Ritual","Innistrad: Crimson Vow","116","","","","","","","","","",""
"1","0","Halo-Charged Skaab","March of the Machine","60","","","","","","","","","",""
"1","0","Mesa Cavalier","Dominaria United","26","","","","","","","","","",""
"1","0","Paragon of Modernity","Streets of New Capenna","242","","","","","","","","","",""
"1","0","Parish-Blade Trainee","Innistrad: Crimson Vow","29","","","","","","","","","",""
"1","0","Strength of the Coalition","Dominaria United","180","","","","","","","","","",""
"1","0","Thraxodemon","The Brothers' War","115","","","","","","","","","",""
"1","0","Vampire Interloper","Innistrad: Midnight Hunt","125","","","","","","","","","",""
"1","0","Wing Commando","The Brothers' War","73","","","","","","","","","",""
"1","0","Diregraf Scavenger","Innistrad: Crimson Vow","105","","","","","","","","","",""
"1","0","Djinn of the Fountain","Dominaria United","47","","","","","","","","","",""
"1","0","Fearful Villager // Fearsome Werewolf","Innistrad: Crimson Vow","157","","","","","","","","","",""
"1","0","Galadhrim Bow","The Lord of the Rings: Tales of Middle-earth","167","","","","","","","","","",""
"1","0","Quick-Draw Dagger","Streets of New Capenna","243","","","","","","","","","",""
"2","0","Warhorn Blast","Kaldheim","38","","","","","","","","","",""
"1","0","Weigh Down","Kaldheim","118","","","","","","","","","",""
"1","0","Celestus Sanctifier","Innistrad: Midnight Hunt","12","","","","","","","","","",""
"1","0","Chill of the Grave","Innistrad: Crimson Vow","51","","","","","","","","","",""
"2","0","Cleaving Skyrider","Dominaria United","12","","","","","","","","","",""
"1","0","Courier Bat","Innistrad: Crimson Vow","102","","","","","","","","","",""
"1","0","Cruel Witness","Innistrad: Crimson Vow","55","","","","","","","","","",""
"1","0","Deathbloom Gardener","Dominaria United","159","","","","","","","","","",""
"1","0","Gaea's Might","Dominaria United","164","","","","","","","","","",""
"1","0","Glistener Seer","Phyrexia: All Will Be One","54","","","","","","","","","",""
"1","0","Lightning Wolf","Innistrad: Crimson Vow","168","","","","","","","","","",""
"1","0","Phyrexian Vivisector","Dominaria United","100","","","","","","","","","",""
"1","0","Plummet","Innistrad: Midnight Hunt","193","","","","","","","","","",""
"1","0","Powerstone Engineer","The Brothers' War","20","","","","","","","","","",""
"1","0","Quicksilver Fisher","Phyrexia: All Will Be One","66","","","","","","","","","",""
"1","0","Rakish Revelers","Streets of New Capenna","214","","","","","","","","","",""
"1","0","Raze to the Ground","The Brothers' War","149","","","","","","","","","",""
"2","0","Retrieval Agent","The Brothers' War","60","","","","","","","","","",""
"1","0","Selhoff Entomber","Innistrad: Crimson Vow","76","","","","","","","","","",""
"1","0","Speakeasy Server","Streets of New Capenna","32","","","","","","","","","",""
"2","0","Stitched Assistant","Innistrad: Crimson Vow","81","","","","","","","","","",""
"1","0","Storm Fleet Pyromancer","Double Masters 2022","126","","","","","","","","","",""
"1","0","Timberland Guide","Innistrad: Midnight Hunt","202","","","","","","","","","",""
"1","0","Traveling Minister","Innistrad: Crimson Vow","39","","","","","","","","","",""
"1","0","Burrowing Razormaw","The Brothers' War","173","","","","","","","","","",""
"1","0","Cruel Grimnarch","Phyrexia: All Will Be One","88","","","","","","","","","",""
"1","0","Dragon Whelp","Dominaria United","120","","","","","","","","","",""
"1","0","Eastfarthing Farmer","The Lord of the Rings: Tales of Middle-earth","8","","","","","","","","","",""
"1","0","Flaming Fist Officer","Commander Legends: Battle for Baldur's Gate","19","","","","","","","","","",""
"1","0","For the Family","Streets of New Capenna","146","","","","","","","","","",""
"1","0","Ghitu Amplifier","Dominaria United","127","","","","","","","","","",""
"1","0","Meldweb Curator","Phyrexia: All Will Be One","59","","","","","","","","","",""
"1","0","Phalanx Vanguard","The Brothers' War","19","","","","","","","","","",""
"1","0","Purphoros's Emissary","Double Masters 2022","121","","","","","","","","","",""
"1","0","Roc Hunter","The Brothers' War","150","","","","","","","","","",""
"1","0","Skywarp Skaab","Innistrad: Crimson Vow","78","","","","","","","","","",""
"1","0","Spore Crawler","Innistrad: Crimson Vow","222","","","","","","","","","",""
"2","0","Swamp","Innistrad: Crimson Vow","400","","","","","","","","","",""
"3","0","Volshe Tideturner","Dominaria United","77","","","","","","","","","",""
"1","0","Weary Prisoner // Wrathful Jailbreaker","Innistrad: Crimson Vow","184","","","","","","","","","",""
"1","0","Academy Wall","Dominaria United","41","","","","","","","","","",""
"1","0","Aggressive Sabotage","Dominaria United","78","","","","","","","","","",""
"1","0","Aim for the Head","Innistrad: Crimson Vow","92","","","","","","","","","",""
"1","0","Kindly Ancestor // Ancestor's Embrace","Innistrad: Crimson Vow","22","","","","","","","","","",""
"2","0","Argivian Cavalier","Dominaria United","4","","","","","","","","","",""
"1","0","Argivian Phalanx","Dominaria United","5","","","","","","","","","",""
"1","0","Artillery Blast","Dominaria United","6","","","","","","","","","",""
"1","0","Automatic Librarian","Dominaria United","229","","","","","","","","","",""
"1","0","Barkweave Crusher","Dominaria United","154","","","","","","","","","",""
"2","0","Benalish Faithbonder","Dominaria United","7","","","","","","","","","",""
"1","0","Bog Badger","Dominaria United","156","","","","","","","","","",""
"1","0","Bone Splinters","Dominaria United","83","","","","","","","","","",""
"2","0","Broken Wings","Dominaria United","157","","","","","","","","","",""
"1","0","Charismatic Vanguard","Dominaria United","10","","","","","","","","","",""
"1","0","Citizen's Arrest","Dominaria United","11","","","","","","","","","",""
"1","0","Coalition Warbrute","Dominaria United","118","","","","","","","","","",""
"1","0","Crushing Canopy","Innistrad: Crimson Vow","194","","","","","","","","","",""
"2","0","Dawnhart Disciple","Innistrad: Crimson Vow","196","","","","","","","","","",""
"1","0","Daybreak Combatants","Innistrad: Crimson Vow","153","","","","","","","","","",""
"1","0","Dreadlight Monstrosity","Innistrad: Crimson Vow","57","","","","","","","","","",""
"1","0","Drogskol Infantry // Drogskol Armaments","Innistrad: Crimson Vow","10","","","","","","","","","",""
"1","0","East-Mark Cavalier","The Lord of the Rings: Tales of Middle-earth","9","","","","","","","","","",""
"1","0","Fallaji Chaindancer","The Brothers' War","134","","","","","","","","","",""
"2","0","Floriferous Vinewall","Dominaria United","163","","","","","","","","","",""
"2","0","Flowstone Infusion","Dominaria United","124","","","","","","","","","",""
"2","0","Gibbering Barricade","Dominaria United","95","","","","","","","","","",""
"1","0","Goblin Picker","Dominaria United","128","","","","","","","","","",""
"1","0","Griffin Protector","Dominaria United","18","","","","","","","","","",""
"1","0","Gryff Rider","Innistrad: Crimson Vow","15","","","","","","","","","",""
"1","0","Heroic Charge","Dominaria United","20","","","","","","","","","",""
"1","0","Heron-Blessed Geist","Innistrad: Crimson Vow","19","","","","","","","","","",""
"1","0","Impede Momentum","Dominaria United","54","","","","","","","","","",""
"2","0","In Thrall to the Pit","Dominaria United","132","","","","","","","","","",""
"1","0","Jackhammer","Streets of New Capenna","111","","","","","","","","","",""
"1","0","Jaya's Firenado","Dominaria United","134","","","","","","","","","",""
"1","0","Keldon Strike Team","Dominaria United","136","","","","","","","","","",""
"1","0","Lat-Nam Adept","The Brothers' War","56","","","","","","","","","",""
"1","0","Meria's Outrider","Dominaria United","138","","","","","","","","","",""
"1","0","Militia Rallier","Innistrad: Crimson Vow","24","","","","","","","","","",""
"1","0","Ragged Recluse // Odious Witch","Innistrad: Crimson Vow","127","","","","","","","","","",""
"1","0","Onakke Javelineer","March of the Machine","156","","","","","","","","","",""
"1","0","Phyrexian Espionage","Dominaria United","60","","","","","","","","","",""
"4","0","Phyrexian Rager","Dominaria United","99","","","","","","","","","",""
"2","0","Phyrexian Warhorse","Dominaria United","101","","","","","","","","","",""
"2","0","Piercing Light","Innistrad: Crimson Vow","30","","","","","","","","","",""
"1","0","Pixie Illusionist","Dominaria United","61","","","","","","","","","",""
"1","0","Ready to Rumble","Streets of New Capenna","119","","","","","","","","","",""
"1","0","Riveteers Initiate","Streets of New Capenna","120","","","","","","","","","",""
"1","0","Salvaged Manaworker","Dominaria United","237","","","","","","","","","",""
"1","0","Samite Herbalist","Dominaria United","31","","","","","","","","","",""
"1","0","Scout the Wilderness","Dominaria United","176","","","","","","","","","",""
"1","0","Serpentine Ambush","Innistrad: Crimson Vow","77","","","","","","","","","",""
"1","0","Sheltering Boughs","Innistrad: Crimson Vow","218","","","","","","","","","",""
"1","0","Snarespinner","Dominaria United","179","","","","","","","","","",""
"1","0","Soaring Drake","Dominaria United","66","","","","","","","","","",""
"1","0","Splatter Goblin","Dominaria United","109","","","","","","","","","",""
"4","0","Stall for Time","Dominaria United","34","","","","","","","","","",""
"1","0","Steelclad Spirit","Innistrad: Crimson Vow","80","","","","","","","","","",""
"1","0","Sunbathing Rootwalla","Dominaria United","181","","","","","","","","","",""
"1","0","Supernatural Rescue","Innistrad: Crimson Vow","37","","","","","","","","","",""
"4","0","Talas Lookout","Dominaria United","68","","","","","","","","","",""
"2","0","Tattered Apparition","Dominaria United","111","","","","","","","","","",""
"1","0","Tidepool Turtle","Dominaria United","69","","","","","","","","","",""
"2","0","Tolarian Geyser","Dominaria United","71","","","","","","","","","",""
"2","0","Toxic Abomination","Dominaria United","112","","","","","","","","","",""
"1","0","Tribute to Urborg","Dominaria United","113","","","","","","","","","",""
"2","0","Viashino Branchrider","Dominaria United","150","","","","","","","","","",""
"2","0","Vineshaper Prodigy","Dominaria United","187","","","","","","","","","",""
"1","0","Voda Sea Scavenger","Dominaria United","74","","","","","","","","","",""
"1","0","Wanderlight Spirit","Innistrad: Crimson Vow","86","","","","","","","","","",""
"1","0","Warlord's Elite","The Brothers' War","32","","","","","","","","","",""
"1","0","Wrecking Crew","Streets of New Capenna","132","","","","","","","","","",""
"1","0","Yavimaya Sojourner","Dominaria United","191","","","","","","","","","",""
"1","0","Soul-Guide Lantern","The Brothers' War Retro Artifacts","117z","","","foil","","","","","","",""
"1","0","A-Baba Lysaga, Night Witch","Alchemy Horizons: Baldur's Gate","A-999-BLNW","","","","","","","","","",""
"1","0","Swiftfoot Boots","Heads I Win, Tails You Lose","54","","","foil","","","","","","",""
